application_id,loan_id,vintage,split,utilization,late_payments,debt_to_income,bureau_age_months,income_band,audit_group,channel,raw_pd,calibrated_pd,challenger_pd,lgd,ead,observed_default,reason_codes,provenance
SYN-APP-11801,SYN-LOAN-11801,2030-06,backtest,0.7238,0,0.2112,82,middle,Synthetic group C,direct,0.245737,0.223334,0.21952,0.6247,24522,false,HIGH_UTILIZATION,synthetic
SYN-APP-11802,SYN-LOAN-11802,2030-06,backtest,0.9399,0,0.2852,145,middle,Synthetic group C,partner,0.348582,0.31178,0.304936,0.3848,7104,true,HIGH_UTILIZATION,synthetic
SYN-APP-11803,SYN-LOAN-11803,2030-06,backtest,0.1497,3,0.312,35,upper,Synthetic group A,direct,0.176579,0.163858,0.158279,0.4605,23015,false,RECENT_LATE_PAYMENTS,synthetic
SYN-APP-11804,,2030-06,backtest,0.8097,2,0.0917,70,lower,Synthetic group A,marketplace,0.58003,0.510825,0.476702,0.392,8932,false,HIGH_UTILIZATION|RECENT_LATE_PAYMENTS|LOWER_INCOME_BAND,synthetic
SYN-APP-11805,SYN-LOAN-11805,2030-06,backtest,0.36,0,0.1169,42,middle,Synthetic group B,partner,0.101544,0.099328,0.098914,0.3581,20524,false,NO_ADVERSE_SYNTHETIC_SIGNAL,synthetic
SYN-APP-11806,,2030-06,backtest,0.3973,4,0.2749,8,middle,Synthetic group C,marketplace,0.490255,0.433619,0.404556,0.358,8124,false,RECENT_LATE_PAYMENTS|SHORT_BUREAU_HISTORY,synthetic
SYN-APP-11807,SYN-LOAN-11807,2030-06,backtest,0.4543,2,0.6555,13,highest,Synthetic group B,direct,0.324279,0.29088,0.287013,0.6627,9118,false,RECENT_LATE_PAYMENTS|HIGH_DEBT_TO_INCOME|SHORT_BUREAU_HISTORY,synthetic
SYN-APP-11808,SYN-LOAN-11808,2030-06,backtest,0.2519,1,0.3776,70,middle,Synthetic group A,marketplace,0.136515,0.129403,0.130815,0.3025,11199,false,NO_ADVERSE_SYNTHETIC_SIGNAL,synthetic
SYN-APP-11809,SYN-LOAN-11809,2030-06,backtest,0.2531,4,0.5607,122,middle,Synthetic group B,partner,0.367779,0.32829,0.314595,0.4549,25187,false,RECENT_LATE_PAYMENTS|HIGH_DEBT_TO_INCOME,synthetic
SYN-APP-11810,,2030-06,backtest,0.7303,2,0.4873,121,middle,Synthetic group A,marketplace,0.488691,0.432274,0.414862,0.3118,10619,true,HIGH_UTILIZATION|RECENT_LATE_PAYMENTS|HIGH_DEBT_TO_INCOME,synthetic
SYN-APP-11811,SYN-LOAN-11811,2030-06,backtest,0.3761,3,0.6399,18,upper,Synthetic group A,partner,0.413422,0.367543,0.354196,0.6973,28295,false,RECENT_LATE_PAYMENTS|HIGH_DEBT_TO_INCOME,synthetic
SYN-APP-11812,SYN-LOAN-11812,2030-06,backtest,0.8921,0,0.158,73,middle,Synthetic group B,direct,0.342449,0.306506,0.296021,0.51,18795,true,HIGH_UTILIZATION,synthetic
SYN-APP-11813,SYN-LOAN-11813,2030-06,backtest,0.6762,1,0.5982,103,middle,Synthetic group B,marketplace,0.399912,0.355925,0.348057,0.4931,16076,true,HIGH_DEBT_TO_INCOME,synthetic
SYN-APP-11814,,2030-06,backtest,0.8684,1,0.2796,74,lower,Synthetic group A,direct,0.57851,0.509519,0.481468,0.4316,15947,true,HIGH_UTILIZATION|LOWER_INCOME_BAND,synthetic
SYN-APP-11815,,2030-06,backtest,0.7459,4,0.0889,82,upper,Synthetic group C,direct,0.544808,0.480535,0.448219,0.4278,17598,true,HIGH_UTILIZATION|RECENT_LATE_PAYMENTS,synthetic
SYN-APP-11816,,2030-06,backtest,0.7289,3,0.3099,34,middle,Synthetic group A,direct,0.617527,0.543073,0.509944,0.4797,13562,false,HIGH_UTILIZATION|RECENT_LATE_PAYMENTS,synthetic
SYN-APP-11817,,2030-06,backtest,0.806,4,0.3057,87,lower,Synthetic group B,marketplace,0.797815,0.698121,0.650765,0.6093,13712,true,HIGH_UTILIZATION|RECENT_LATE_PAYMENTS|LOWER_INCOME_BAND,synthetic
SYN-APP-11818,SYN-LOAN-11818,2030-06,backtest,0.3857,4,0.1789,110,upper,Synthetic group B,direct,0.290824,0.262109,0.247492,0.6984,14779,false,RECENT_LATE_PAYMENTS,synthetic
SYN-APP-11819,SYN-LOAN-11819,2030-06,backtest,0.583,0,0.6222,177,middle,Synthetic group A,direct,0.202777,0.186388,0.19442,0.4508,11065,false,HIGH_DEBT_TO_INCOME,synthetic
SYN-APP-11820,SYN-LOAN-11820,2030-06,backtest,0.6058,3,0.2113,133,middle,Synthetic group A,partner,0.396673,0.353139,0.334223,0.5948,2197,true,RECENT_LATE_PAYMENTS,synthetic
SYN-APP-11821,SYN-LOAN-11821,2030-06,backtest,0.597,3,0.4417,142,upper,Synthetic group B,direct,0.389193,0.346706,0.334266,0.6198,19068,false,RECENT_LATE_PAYMENTS,synthetic
SYN-APP-11822,,2030-06,backtest,0.7436,2,0.6237,11,upper,Synthetic group B,direct,0.583898,0.514152,0.492338,0.4883,5192,true,HIGH_UTILIZATION|RECENT_LATE_PAYMENTS|HIGH_DEBT_TO_INCOME|SHORT_BUREAU_HISTORY,synthetic
SYN-APP-11823,SYN-LOAN-11823,2030-06,backtest,0.174,1,0.4544,22,middle,Synthetic group C,marketplace,0.143987,0.135829,0.137193,0.5478,28219,false,NO_ADVERSE_SYNTHETIC_SIGNAL,synthetic
SYN-APP-11824,SYN-LOAN-11824,2030-06,backtest,0.3133,2,0.4555,62,highest,Synthetic group C,direct,0.164767,0.1537,0.155812,0.3521,20984,false,RECENT_LATE_PAYMENTS,synthetic
SYN-APP-11825,,2030-06,backtest,0.8354,3,0.1335,30,lower,Synthetic group C,partner,0.73816,0.646817,0.600644,0.534,9837,true,HIGH_UTILIZATION|RECENT_LATE_PAYMENTS|LOWER_INCOME_BAND,synthetic
SYN-APP-11826,SYN-LOAN-11826,2030-06,backtest,0.4828,0,0.2794,90,upper,Synthetic group C,marketplace,0.112604,0.10884,0.113911,0.6151,26791,false,NO_ADVERSE_SYNTHETIC_SIGNAL,synthetic
SYN-APP-11827,SYN-LOAN-11827,2030-06,backtest,0.4503,0,0.2382,50,middle,Synthetic group C,direct,0.144608,0.136363,0.137025,0.3685,21357,false,NO_ADVERSE_SYNTHETIC_SIGNAL,synthetic
SYN-APP-11828,,2030-06,backtest,0.8603,2,0.1783,64,middle,Synthetic group A,direct,0.538823,0.475388,0.44797,0.6797,14057,true,HIGH_UTILIZATION|RECENT_LATE_PAYMENTS,synthetic
SYN-APP-11829,SYN-LOAN-11829,2030-06,backtest,0.4303,3,0.6461,89,upper,Synthetic group A,direct,0.386306,0.344223,0.334345,0.3576,23985,false,RECENT_LATE_PAYMENTS|HIGH_DEBT_TO_INCOME,synthetic
SYN-APP-11830,SYN-LOAN-11830,2030-06,backtest,0.3433,1,0.128,99,lower,Synthetic group A,partner,0.173174,0.160929,0.154344,0.6727,11358,true,LOWER_INCOME_BAND,synthetic
SYN-APP-11831,SYN-LOAN-11831,2030-06,backtest,0.5447,3,0.1105,23,middle,Synthetic group A,partner,0.425869,0.378248,0.3531,0.6656,24118,false,RECENT_LATE_PAYMENTS,synthetic
SYN-APP-11832,,2030-06,backtest,0.6934,3,0.1593,63,lower,Synthetic group A,direct,0.625569,0.54999,0.511614,0.2953,12694,true,RECENT_LATE_PAYMENTS|LOWER_INCOME_BAND,synthetic
SYN-APP-11833,,2030-06,backtest,0.345,4,0.3565,116,lower,Synthetic group C,marketplace,0.485573,0.429593,0.402112,0.4484,17080,false,RECENT_LATE_PAYMENTS|LOWER_INCOME_BAND,synthetic
SYN-APP-11834,SYN-LOAN-11834,2030-06,backtest,0.4539,1,0.311,72,upper,Synthetic group A,direct,0.165695,0.154498,0.155304,0.4995,20044,false,NO_ADVERSE_SYNTHETIC_SIGNAL,synthetic
SYN-APP-11835,SYN-LOAN-11835,2030-06,backtest,0.1065,2,0.3426,18,lower,Synthetic group A,marketplace,0.224438,0.205016,0.195339,0.4604,16827,false,RECENT_LATE_PAYMENTS|LOWER_INCOME_BAND,synthetic
SYN-APP-11836,,2030-06,backtest,0.9061,3,0.5366,34,lower,Synthetic group C,direct,0.85529,0.74755,0.703056,0.3865,17142,false,HIGH_UTILIZATION|RECENT_LATE_PAYMENTS|HIGH_DEBT_TO_INCOME|LOWER_INCOME_BAND,synthetic
SYN-APP-11837,SYN-LOAN-11837,2030-06,backtest,0.0663,1,0.1498,97,middle,Synthetic group A,direct,0.056419,0.060521,0.059557,0.3222,6412,false,NO_ADVERSE_SYNTHETIC_SIGNAL,synthetic
SYN-APP-11838,SYN-LOAN-11838,2030-06,backtest,0.87,0,0.2661,118,lower,Synthetic group C,direct,0.427327,0.379501,0.36413,0.3043,12080,false,HIGH_UTILIZATION|LOWER_INCOME_BAND,synthetic
SYN-APP-11839,,2030-06,backtest,0.735,1,0.6348,105,middle,Synthetic group B,direct,0.453133,0.401694,0.39126,0.6397,21633,false,HIGH_UTILIZATION|HIGH_DEBT_TO_INCOME,synthetic
SYN-APP-11840,,2030-06,backtest,0.6356,2,0.5758,23,upper,Synthetic group A,partner,0.475552,0.420975,0.405289,0.3915,8472,true,RECENT_LATE_PAYMENTS|HIGH_DEBT_TO_INCOME,synthetic
SYN-APP-11841,SYN-LOAN-11841,2030-06,backtest,0.7125,0,0.6411,154,highest,Synthetic group B,partner,0.200525,0.184452,0.1955,0.5311,17386,true,HIGH_DEBT_TO_INCOME,synthetic
SYN-APP-11842,SYN-LOAN-11842,2030-06,backtest,0.7603,0,0.298,72,lower,Synthetic group C,direct,0.402562,0.358204,0.343817,0.2925,28522,false,HIGH_UTILIZATION|LOWER_INCOME_BAND,synthetic
SYN-APP-11843,,2030-06,backtest,0.8928,1,0.5335,141,middle,Synthetic group B,direct,0.501156,0.442994,0.428636,0.5445,28412,true,HIGH_UTILIZATION|HIGH_DEBT_TO_INCOME,synthetic
SYN-APP-11844,SYN-LOAN-11844,2030-06,backtest,0.509,1,0.4925,13,middle,Synthetic group A,direct,0.334005,0.299245,0.291287,0.4218,4972,false,HIGH_DEBT_TO_INCOME|SHORT_BUREAU_HISTORY,synthetic
SYN-APP-11845,SYN-LOAN-11845,2030-06,backtest,0.681,0,0.5194,79,upper,Synthetic group A,partner,0.249401,0.226485,0.229599,0.4718,3196,true,HIGH_DEBT_TO_INCOME,synthetic
SYN-APP-11846,,2030-06,backtest,0.9422,0,0.2427,9,lower,Synthetic group A,direct,0.581332,0.511946,0.484021,0.6343,21537,true,HIGH_UTILIZATION|SHORT_BUREAU_HISTORY|LOWER_INCOME_BAND,synthetic
SYN-APP-11847,SYN-LOAN-11847,2030-06,backtest,0.2764,0,0.3531,167,middle,Synthetic group A,direct,0.068363,0.070792,0.077869,0.5696,7964,false,NO_ADVERSE_SYNTHETIC_SIGNAL,synthetic
SYN-APP-11848,SYN-LOAN-11848,2030-06,backtest,0.0381,0,0.3682,147,middle,Synthetic group B,partner,0.038176,0.044831,0.050607,0.6659,20557,false,NO_ADVERSE_SYNTHETIC_SIGNAL,synthetic
SYN-APP-11849,SYN-LOAN-11849,2030-06,backtest,0.7535,0,0.3564,175,middle,Synthetic group C,partner,0.229991,0.209793,0.211643,0.5264,22788,false,HIGH_UTILIZATION,synthetic
SYN-APP-11850,SYN-LOAN-11850,2030-06,backtest,0.3659,2,0.1855,80,upper,Synthetic group A,direct,0.15951,0.149179,0.14567,0.5143,13203,false,RECENT_LATE_PAYMENTS,synthetic
SYN-APP-11851,SYN-LOAN-11851,2030-06,backtest,0.4868,1,0.1213,41,lower,Synthetic group B,marketplace,0.287032,0.258847,0.244879,0.694,12486,true,LOWER_INCOME_BAND,synthetic
SYN-APP-11852,SYN-LOAN-11852,2030-06,backtest,0.2432,1,0.5004,86,upper,Synthetic group A,direct,0.114168,0.110184,0.116554,0.2936,10728,true,HIGH_DEBT_TO_INCOME,synthetic
SYN-APP-11853,SYN-LOAN-11853,2030-06,backtest,0.8006,2,0.0986,109,middle,Synthetic group B,marketplace,0.422849,0.37565,0.355059,0.5534,21595,false,HIGH_UTILIZATION|RECENT_LATE_PAYMENTS,synthetic
SYN-APP-11854,SYN-LOAN-11854,2030-06,backtest,0.6478,1,0.1327,16,lower,Synthetic group C,marketplace,0.42276,0.375573,0.353127,0.4614,13858,true,SHORT_BUREAU_HISTORY|LOWER_INCOME_BAND,synthetic
SYN-APP-11855,SYN-LOAN-11855,2030-06,backtest,0.1185,4,0.2679,41,middle,Synthetic group A,direct,0.265644,0.240454,0.225507,0.4033,21327,false,RECENT_LATE_PAYMENTS,synthetic
SYN-APP-11856,SYN-LOAN-11856,2030-06,backtest,0.225,0,0.0866,129,middle,Synthetic group C,direct,0.04861,0.053805,0.054726,0.483,5549,false,NO_ADVERSE_SYNTHETIC_SIGNAL,synthetic
SYN-APP-11857,SYN-LOAN-11857,2030-06,backtest,0.3053,4,0.163,133,lower,Synthetic group B,direct,0.37612,0.335463,0.31165,0.6106,13061,false,RECENT_LATE_PAYMENTS|LOWER_INCOME_BAND,synthetic
SYN-APP-11858,,2030-06,backtest,0.7914,4,0.4978,22,highest,Synthetic group C,marketplace,0.704377,0.617764,0.583176,0.4012,13467,true,HIGH_UTILIZATION|RECENT_LATE_PAYMENTS|HIGH_DEBT_TO_INCOME,synthetic
SYN-APP-11859,SYN-LOAN-11859,2030-06,backtest,0.2464,3,0.3378,168,upper,Synthetic group B,partner,0.148455,0.139671,0.138922,0.4227,16521,false,RECENT_LATE_PAYMENTS,synthetic
SYN-APP-11860,,2030-06,backtest,0.8458,4,0.4413,72,upper,Synthetic group B,direct,0.730105,0.63989,0.602599,0.647,2159,false,HIGH_UTILIZATION|RECENT_LATE_PAYMENTS,synthetic
SYN-APP-11861,,2030-06,backtest,0.8247,3,0.557,127,middle,Synthetic group B,direct,0.674377,0.591964,0.562095,0.549,5439,true,HIGH_UTILIZATION|RECENT_LATE_PAYMENTS|HIGH_DEBT_TO_INCOME,synthetic
SYN-APP-11862,,2030-06,backtest,0.8984,3,0.2999,132,upper,Synthetic group B,marketplace,0.574947,0.506455,0.479778,0.5684,17527,false,HIGH_UTILIZATION|RECENT_LATE_PAYMENTS,synthetic
SYN-APP-11863,SYN-LOAN-11863,2030-06,backtest,0.573,0,0.6873,72,highest,Synthetic group A,partner,0.196054,0.180606,0.190729,0.3822,3110,false,HIGH_DEBT_TO_INCOME,synthetic
SYN-APP-11864,SYN-LOAN-11864,2030-06,backtest,0.4794,0,0.3474,168,middle,Synthetic group A,marketplace,0.117657,0.113185,0.119528,0.4627,15820,false,NO_ADVERSE_SYNTHETIC_SIGNAL,synthetic
SYN-APP-11865,SYN-LOAN-11865,2030-06,backtest,0.0508,2,0.5017,142,lower,Synthetic group B,direct,0.155999,0.146159,0.145502,0.578,15879,false,RECENT_LATE_PAYMENTS|HIGH_DEBT_TO_INCOME|LOWER_INCOME_BAND,synthetic
SYN-APP-11866,,2030-06,backtest,0.7675,4,0.5176,81,middle,Synthetic group B,partner,0.751618,0.658391,0.619825,0.6614,13504,true,HIGH_UTILIZATION|RECENT_LATE_PAYMENTS|HIGH_DEBT_TO_INCOME,synthetic
SYN-APP-11867,SYN-LOAN-11867,2030-06,backtest,0.333,4,0.3446,121,middle,Synthetic group A,direct,0.356683,0.318747,0.301826,0.3918,2736,false,RECENT_LATE_PAYMENTS,synthetic
SYN-APP-11868,SYN-LOAN-11868,2030-06,backtest,0.6897,0,0.2814,16,middle,Synthetic group B,direct,0.296294,0.266813,0.259862,0.5608,4487,false,SHORT_BUREAU_HISTORY,synthetic
SYN-APP-11869,SYN-LOAN-11869,2030-06,backtest,0.0302,1,0.4189,168,lower,Synthetic group C,partner,0.084255,0.08446,0.087449,0.2819,29286,false,LOWER_INCOME_BAND,synthetic
SYN-APP-11870,,2030-06,backtest,0.9026,4,0.1953,68,highest,Synthetic group A,direct,0.647816,0.569122,0.533535,0.598,10293,true,HIGH_UTILIZATION|RECENT_LATE_PAYMENTS,synthetic
SYN-APP-11871,SYN-LOAN-11871,2030-06,backtest,0.1975,3,0.3336,128,upper,Synthetic group C,marketplace,0.149422,0.140503,0.138681,0.6486,20529,false,RECENT_LATE_PAYMENTS,synthetic
SYN-APP-11872,SYN-LOAN-11872,2030-06,backtest,0.2177,2,0.6317,60,middle,Synthetic group C,partner,0.241567,0.219748,0.218116,0.6168,8918,false,RECENT_LATE_PAYMENTS|HIGH_DEBT_TO_INCOME,synthetic
SYN-APP-11873,SYN-LOAN-11873,2030-06,backtest,0.4021,4,0.0823,173,upper,Synthetic group A,partner,0.227129,0.207331,0.195975,0.2874,15972,false,RECENT_LATE_PAYMENTS,synthetic
SYN-APP-11874,SYN-LOAN-11874,2030-06,backtest,0.2892,0,0.1843,136,middle,Synthetic group A,direct,0.064308,0.067305,0.070572,0.3516,8220,false,NO_ADVERSE_SYNTHETIC_SIGNAL,synthetic
SYN-APP-11875,SYN-LOAN-11875,2030-06,backtest,0.4761,3,0.6818,93,upper,Synthetic group A,partner,0.427204,0.379395,0.367752,0.3358,13759,false,RECENT_LATE_PAYMENTS|HIGH_DEBT_TO_INCOME,synthetic
SYN-APP-11876,,2030-06,backtest,0.778,3,0.1113,153,middle,Synthetic group C,partner,0.470598,0.416714,0.39194,0.3036,23812,true,HIGH_UTILIZATION|RECENT_LATE_PAYMENTS,synthetic
SYN-APP-11877,SYN-LOAN-11877,2030-06,backtest,0.1552,4,0.3717,68,upper,Synthetic group A,partner,0.239649,0.218098,0.208746,0.2828,8077,false,RECENT_LATE_PAYMENTS,synthetic
SYN-APP-11878,SYN-LOAN-11878,2030-06,backtest,0.3401,0,0.2566,85,upper,Synthetic group A,direct,0.075628,0.07704,0.082129,0.5496,13570,false,NO_ADVERSE_SYNTHETIC_SIGNAL,synthetic
SYN-APP-11879,SYN-LOAN-11879,2030-06,backtest,0.3189,0,0.412,173,upper,Synthetic group C,marketplace,0.062439,0.065697,0.07558,0.4312,4785,false,NO_ADVERSE_SYNTHETIC_SIGNAL,synthetic
SYN-APP-11880,SYN-LOAN-11880,2030-06,backtest,0.2232,2,0.564,37,highest,Synthetic group B,direct,0.161515,0.150903,0.154494,0.585,27474,true,RECENT_LATE_PAYMENTS|HIGH_DEBT_TO_INCOME,synthetic
SYN-APP-11881,SYN-LOAN-11881,2030-06,backtest,0.3839,0,0.5721,116,middle,Synthetic group C,partner,0.143077,0.135046,0.143326,0.5282,6780,false,HIGH_DEBT_TO_INCOME,synthetic
SYN-APP-11882,,2030-06,backtest,0.9093,4,0.1333,86,middle,Synthetic group C,partner,0.729849,0.63967,0.595536,0.4727,12142,true,HIGH_UTILIZATION|RECENT_LATE_PAYMENTS,synthetic
SYN-APP-11883,,2030-06,backtest,0.7362,3,0.5172,52,lower,Synthetic group B,partner,0.762932,0.668121,0.628008,0.349,24778,true,HIGH_UTILIZATION|RECENT_LATE_PAYMENTS|HIGH_DEBT_TO_INCOME|LOWER_INCOME_BAND,synthetic
SYN-APP-11884,SYN-LOAN-11884,2030-06,backtest,0.3376,1,0.1843,10,upper,Synthetic group A,direct,0.131428,0.125028,0.123394,0.3103,27521,false,SHORT_BUREAU_HISTORY,synthetic
SYN-APP-11885,,2030-06,backtest,0.5225,4,0.5151,45,middle,Synthetic group B,direct,0.625483,0.549915,0.517721,0.5565,5290,true,RECENT_LATE_PAYMENTS|HIGH_DEBT_TO_INCOME,synthetic
SYN-APP-11886,SYN-LOAN-11886,2030-06,backtest,0.5951,1,0.0864,97,highest,Synthetic group A,partner,0.137518,0.130265,0.130197,0.5951,15848,false,NO_ADVERSE_SYNTHETIC_SIGNAL,synthetic
SYN-APP-11887,SYN-LOAN-11887,2030-06,backtest,0.1575,1,0.6198,150,lower,Synthetic group A,direct,0.159659,0.149306,0.153326,0.5913,2222,false,HIGH_DEBT_TO_INCOME|LOWER_INCOME_BAND,synthetic
SYN-APP-11888,SYN-LOAN-11888,2030-06,backtest,0.1195,0,0.571,41,middle,Synthetic group B,partner,0.092402,0.091466,0.099316,0.2911,8607,false,HIGH_DEBT_TO_INCOME,synthetic
SYN-APP-11889,SYN-LOAN-11889,2030-06,backtest,0.2781,0,0.1252,178,upper,Synthetic group B,marketplace,0.037736,0.044453,0.048269,0.5267,13613,false,NO_ADVERSE_SYNTHETIC_SIGNAL,synthetic
SYN-APP-11890,,2030-06,backtest,0.3919,4,0.4942,156,lower,Synthetic group B,marketplace,0.527191,0.465384,0.438749,0.4267,11325,false,RECENT_LATE_PAYMENTS|HIGH_DEBT_TO_INCOME|LOWER_INCOME_BAND,synthetic
SYN-APP-11891,SYN-LOAN-11891,2030-06,backtest,0.3892,2,0.4745,146,middle,Synthetic group C,direct,0.234006,0.213246,0.211264,0.4916,23703,false,RECENT_LATE_PAYMENTS,synthetic
SYN-APP-11892,,2030-06,backtest,0.8726,4,0.3352,109,upper,Synthetic group A,direct,0.68661,0.602485,0.566658,0.5779,10192,true,HIGH_UTILIZATION|RECENT_LATE_PAYMENTS,synthetic
SYN-APP-11893,SYN-LOAN-11893,2030-06,backtest,0.6834,2,0.0895,48,upper,Synthetic group C,marketplace,0.329383,0.29527,0.280371,0.6074,28103,true,RECENT_LATE_PAYMENTS,synthetic
SYN-APP-11894,SYN-LOAN-11894,2030-06,backtest,0.3503,1,0.351,159,upper,Synthetic group C,direct,0.097858,0.096158,0.101974,0.4755,10098,false,NO_ADVERSE_SYNTHETIC_SIGNAL,synthetic
SYN-APP-11895,SYN-LOAN-11895,2030-06,backtest,0.4106,1,0.1146,35,middle,Synthetic group A,partner,0.170302,0.15846,0.152984,0.2895,26478,false,NO_ADVERSE_SYNTHETIC_SIGNAL,synthetic
SYN-APP-11896,SYN-LOAN-11896,2030-06,backtest,0.545,0,0.6806,35,upper,Synthetic group A,partner,0.246719,0.224178,0.229266,0.5995,20830,false,HIGH_DEBT_TO_INCOME,synthetic
SYN-APP-11897,SYN-LOAN-11897,2030-06,backtest,0.5067,2,0.5507,69,upper,Synthetic group B,marketplace,0.331268,0.296891,0.29064,0.4923,2801,false,RECENT_LATE_PAYMENTS|HIGH_DEBT_TO_INCOME,synthetic
SYN-APP-11898,SYN-LOAN-11898,2030-06,backtest,0.5265,0,0.3098,176,upper,Synthetic group C,direct,0.09654,0.095025,0.103054,0.3525,29258,false,NO_ADVERSE_SYNTHETIC_SIGNAL,synthetic
SYN-APP-11899,,2030-06,backtest,0.5697,3,0.5025,62,lower,Synthetic group A,direct,0.647821,0.569126,0.535533,0.3962,5820,true,RECENT_LATE_PAYMENTS|HIGH_DEBT_TO_INCOME|LOWER_INCOME_BAND,synthetic
SYN-APP-11900,,2030-06,backtest,0.8186,0,0.6394,20,middle,Synthetic group B,marketplace,0.497248,0.439633,0.427029,0.4823,2501,true,HIGH_UTILIZATION|HIGH_DEBT_TO_INCOME,synthetic
SYN-APP-11901,SYN-LOAN-11901,2030-06,backtest,0.2418,4,0.3048,169,middle,Synthetic group B,partner,0.248035,0.22531,0.215056,0.3064,22043,false,RECENT_LATE_PAYMENTS,synthetic
SYN-APP-11902,SYN-LOAN-11902,2030-06,backtest,0.5804,1,0.3394,83,middle,Synthetic group C,marketplace,0.276356,0.249666,0.243971,0.5767,2679,true,NO_ADVERSE_SYNTHETIC_SIGNAL,synthetic
SYN-APP-11903,SYN-LOAN-11903,2030-06,backtest,0.2562,1,0.3434,65,middle,Synthetic group B,direct,0.134959,0.128064,0.128798,0.3718,24648,false,NO_ADVERSE_SYNTHETIC_SIGNAL,synthetic
SYN-APP-11904,SYN-LOAN-11904,2030-06,backtest,0.6259,1,0.5604,149,highest,Synthetic group C,direct,0.212192,0.194486,0.200874,0.6115,16460,false,HIGH_DEBT_TO_INCOME,synthetic
SYN-APP-11905,SYN-LOAN-11905,2030-06,backtest,0.5161,2,0.2217,99,middle,Synthetic group A,marketplace,0.277198,0.25039,0.240405,0.3839,18858,false,RECENT_LATE_PAYMENTS,synthetic
SYN-APP-11906,,2030-06,backtest,0.8419,0,0.6749,66,middle,Synthetic group C,marketplace,0.480713,0.425413,0.415574,0.5223,21769,false,HIGH_UTILIZATION|HIGH_DEBT_TO_INCOME,synthetic
SYN-APP-11907,SYN-LOAN-11907,2030-06,backtest,0.335,0,0.2234,123,lower,Synthetic group A,partner,0.121809,0.116756,0.116919,0.5537,25443,false,LOWER_INCOME_BAND,synthetic
SYN-APP-11908,SYN-LOAN-11908,2030-06,backtest,0.5362,3,0.2114,75,middle,Synthetic group A,direct,0.402271,0.357953,0.337306,0.6939,23131,false,RECENT_LATE_PAYMENTS,synthetic
SYN-APP-11909,SYN-LOAN-11909,2030-06,backtest,0.5575,2,0.3496,170,middle,Synthetic group C,partner,0.279783,0.252613,0.246476,0.3369,8146,true,RECENT_LATE_PAYMENTS,synthetic
SYN-APP-11910,SYN-LOAN-11910,2030-06,backtest,0.1464,1,0.4819,105,upper,Synthetic group C,marketplace,0.080156,0.080934,0.088005,0.4863,22243,false,HIGH_DEBT_TO_INCOME,synthetic
SYN-APP-11911,,2030-06,backtest,0.9368,4,0.4309,96,middle,Synthetic group B,marketplace,0.808163,0.70702,0.664384,0.4557,14435,true,HIGH_UTILIZATION|RECENT_LATE_PAYMENTS,synthetic
SYN-APP-11912,SYN-LOAN-11912,2030-06,backtest,0.1503,2,0.1762,120,middle,Synthetic group B,partner,0.09964,0.09769,0.095208,0.4212,11520,false,RECENT_LATE_PAYMENTS,synthetic
SYN-APP-11913,SYN-LOAN-11913,2030-06,backtest,0.4804,2,0.624,17,upper,Synthetic group C,direct,0.383575,0.341875,0.332559,0.3559,8133,false,RECENT_LATE_PAYMENTS|HIGH_DEBT_TO_INCOME|SHORT_BUREAU_HISTORY,synthetic
SYN-APP-11914,,2030-06,backtest,0.7792,3,0.4349,152,upper,Synthetic group A,partner,0.511677,0.452042,0.432171,0.3181,28436,false,HIGH_UTILIZATION|RECENT_LATE_PAYMENTS,synthetic
SYN-APP-11915,SYN-LOAN-11915,2030-06,backtest,0.2489,4,0.522,123,middle,Synthetic group A,direct,0.351922,0.314653,0.30124,0.6596,19579,false,RECENT_LATE_PAYMENTS|HIGH_DEBT_TO_INCOME,synthetic
SYN-APP-11916,SYN-LOAN-11916,2030-06,backtest,0.7244,0,0.3435,108,lower,Synthetic group B,partner,0.357766,0.319678,0.309681,0.4747,2171,false,HIGH_UTILIZATION|LOWER_INCOME_BAND,synthetic
SYN-APP-11917,,2030-06,backtest,0.81,3,0.2193,59,upper,Synthetic group A,direct,0.554793,0.489122,0.460491,0.541,20613,false,HIGH_UTILIZATION|RECENT_LATE_PAYMENTS,synthetic
SYN-APP-11918,,2030-06,backtest,0.7885,3,0.5288,157,upper,Synthetic group B,partner,0.545221,0.48089,0.460743,0.4895,14641,true,HIGH_UTILIZATION|RECENT_LATE_PAYMENTS|HIGH_DEBT_TO_INCOME,synthetic
SYN-APP-11919,,2030-06,backtest,0.8833,0,0.6291,7,upper,Synthetic group A,direct,0.4853,0.429358,0.418679,0.6364,21808,false,HIGH_UTILIZATION|HIGH_DEBT_TO_INCOME|SHORT_BUREAU_HISTORY,synthetic
SYN-APP-11920,SYN-LOAN-11920,2030-06,backtest,0.802,1,0.4514,135,middle,Synthetic group B,partner,0.412265,0.366548,0.356065,0.5118,9145,false,HIGH_UTILIZATION,synthetic
SYN-APP-11921,SYN-LOAN-11921,2030-06,backtest,0.1857,1,0.505,106,upper,Synthetic group B,direct,0.091525,0.090712,0.098113,0.3647,12968,false,HIGH_DEBT_TO_INCOME,synthetic
SYN-APP-11922,,2030-06,backtest,0.9265,2,0.5647,92,middle,Synthetic group B,direct,0.682188,0.598682,0.570173,0.5672,10486,false,HIGH_UTILIZATION|RECENT_LATE_PAYMENTS|HIGH_DEBT_TO_INCOME,synthetic
SYN-APP-11923,SYN-LOAN-11923,2030-06,backtest,0.3251,1,0.1743,83,highest,Synthetic group A,marketplace,0.077888,0.078984,0.081469,0.4805,2074,false,NO_ADVERSE_SYNTHETIC_SIGNAL,synthetic
SYN-APP-11924,SYN-LOAN-11924,2030-06,backtest,0.8351,2,0.2045,126,upper,Synthetic group B,marketplace,0.398283,0.354523,0.33942,0.4335,18032,false,HIGH_UTILIZATION|RECENT_LATE_PAYMENTS,synthetic
SYN-APP-11925,SYN-LOAN-11925,2030-06,backtest,0.6427,0,0.4452,148,upper,Synthetic group C,marketplace,0.168979,0.157322,0.164734,0.3659,15966,false,NO_ADVERSE_SYNTHETIC_SIGNAL,synthetic
SYN-APP-11926,SYN-LOAN-11926,2030-06,backtest,0.8406,0,0.2092,178,lower,Synthetic group A,partner,0.332305,0.297782,0.288574,0.5453,22831,true,HIGH_UTILIZATION|LOWER_INCOME_BAND,synthetic
SYN-APP-11927,SYN-LOAN-11927,2030-06,backtest,0.2384,0,0.1852,101,middle,Synthetic group A,partner,0.063639,0.066729,0.069163,0.6734,18660,false,NO_ADVERSE_SYNTHETIC_SIGNAL,synthetic
SYN-APP-11928,,2030-06,backtest,0.8141,3,0.2053,100,middle,Synthetic group B,direct,0.581627,0.512199,0.480971,0.3124,8494,true,HIGH_UTILIZATION|RECENT_LATE_PAYMENTS,synthetic
SYN-APP-11929,,2030-06,backtest,0.7333,4,0.5621,24,middle,Synthetic group B,direct,0.78461,0.686764,0.645902,0.6149,23852,false,HIGH_UTILIZATION|RECENT_LATE_PAYMENTS|HIGH_DEBT_TO_INCOME,synthetic
SYN-APP-11930,SYN-LOAN-11930,2030-06,backtest,0.492,1,0.4875,57,upper,Synthetic group B,marketplace,0.230787,0.210476,0.21096,0.4196,2207,false,HIGH_DEBT_TO_INCOME,synthetic
SYN-APP-11931,SYN-LOAN-11931,2030-06,backtest,0.7915,0,0.536,123,highest,Synthetic group A,partner,0.237959,0.216645,0.223164,0.3002,29779,false,HIGH_UTILIZATION|HIGH_DEBT_TO_INCOME,synthetic
SYN-APP-11932,SYN-LOAN-11932,2030-06,backtest,0.3061,2,0.5989,99,middle,Synthetic group C,partner,0.25366,0.230148,0.228214,0.6632,21344,true,RECENT_LATE_PAYMENTS|HIGH_DEBT_TO_INCOME,synthetic
SYN-APP-11933,,2030-06,backtest,0.926,1,0.5832,61,middle,Synthetic group A,marketplace,0.620417,0.545559,0.522834,0.5701,10204,true,HIGH_UTILIZATION|HIGH_DEBT_TO_INCOME,synthetic
SYN-APP-11934,SYN-LOAN-11934,2030-06,backtest,0.2238,0,0.51,85,highest,Synthetic group A,marketplace,0.060081,0.06367,0.074591,0.523,24781,false,HIGH_DEBT_TO_INCOME,synthetic
SYN-APP-11935,,2030-06,backtest,0.6808,4,0.1707,115,upper,Synthetic group C,partner,0.490712,0.434013,0.407304,0.4364,2959,false,RECENT_LATE_PAYMENTS,synthetic
SYN-APP-11936,SYN-LOAN-11936,2030-06,backtest,0.9027,0,0.5319,127,middle,Synthetic group C,direct,0.417794,0.371303,0.364251,0.5335,13648,false,HIGH_UTILIZATION|HIGH_DEBT_TO_INCOME,synthetic
SYN-APP-11937,,2030-06,backtest,0.6038,1,0.6919,70,lower,Synthetic group C,direct,0.523848,0.462509,0.445116,0.3254,2582,false,HIGH_DEBT_TO_INCOME|LOWER_INCOME_BAND,synthetic
SYN-APP-11938,SYN-LOAN-11938,2030-06,backtest,0.4179,0,0.5932,7,middle,Synthetic group A,direct,0.227325,0.207499,0.209695,0.5229,5853,false,HIGH_DEBT_TO_INCOME|SHORT_BUREAU_HISTORY,synthetic
SYN-APP-11939,SYN-LOAN-11939,2030-06,backtest,0.0334,3,0.3115,175,highest,Synthetic group A,direct,0.063609,0.066704,0.068734,0.526,26199,false,RECENT_LATE_PAYMENTS,synthetic
SYN-APP-11940,SYN-LOAN-11940,2030-06,backtest,0.7354,1,0.2849,100,upper,Synthetic group A,direct,0.285124,0.257207,0.252131,0.5563,14868,true,HIGH_UTILIZATION,synthetic
SYN-APP-11941,SYN-LOAN-11941,2030-06,backtest,0.7615,3,0.1825,179,highest,Synthetic group A,direct,0.332894,0.298289,0.286912,0.3094,16457,false,HIGH_UTILIZATION|RECENT_LATE_PAYMENTS,synthetic
SYN-APP-11942,,2030-06,backtest,0.74,4,0.6139,89,middle,Synthetic group C,direct,0.754501,0.660871,0.624065,0.4384,27881,false,HIGH_UTILIZATION|RECENT_LATE_PAYMENTS|HIGH_DEBT_TO_INCOME,synthetic
SYN-APP-11943,SYN-LOAN-11943,2030-06,backtest,0.5485,2,0.1101,146,upper,Synthetic group C,direct,0.185448,0.171485,0.167072,0.3516,21913,false,RECENT_LATE_PAYMENTS,synthetic
SYN-APP-11944,,2030-06,backtest,0.801,1,0.4986,156,lower,Synthetic group C,partner,0.520516,0.459644,0.441061,0.4636,14024,false,HIGH_UTILIZATION|HIGH_DEBT_TO_INCOME|LOWER_INCOME_BAND,synthetic
SYN-APP-11945,SYN-LOAN-11945,2030-06,backtest,0.1809,3,0.3384,26,middle,Synthetic group A,direct,0.250779,0.22767,0.216958,0.6957,19415,false,RECENT_LATE_PAYMENTS,synthetic
SYN-APP-11946,,2030-06,backtest,0.8542,3,0.4174,175,middle,Synthetic group C,direct,0.607327,0.534301,0.507099,0.3199,29047,false,HIGH_UTILIZATION|RECENT_LATE_PAYMENTS,synthetic
SYN-APP-11947,SYN-LOAN-11947,2030-06,backtest,0.0575,3,0.2429,37,middle,Synthetic group B,marketplace,0.162794,0.152003,0.144153,0.4548,4153,false,RECENT_LATE_PAYMENTS,synthetic
SYN-APP-11948,SYN-LOAN-11948,2030-06,backtest,0.5346,0,0.3539,103,middle,Synthetic group A,direct,0.170734,0.158831,0.161772,0.3014,5401,false,NO_ADVERSE_SYNTHETIC_SIGNAL,synthetic
SYN-APP-11949,SYN-LOAN-11949,2030-06,backtest,0.1257,1,0.3744,133,middle,Synthetic group A,marketplace,0.077311,0.078487,0.082635,0.5237,11149,false,NO_ADVERSE_SYNTHETIC_SIGNAL,synthetic
SYN-APP-11950,,2030-06,backtest,0.7258,2,0.4192,137,middle,Synthetic group A,direct,0.446535,0.39602,0.380382,0.6897,20843,true,HIGH_UTILIZATION|RECENT_LATE_PAYMENTS,synthetic
SYN-APP-11951,SYN-LOAN-11951,2030-06,backtest,0.3029,1,0.1899,8,lower,Synthetic group B,direct,0.22497,0.205474,0.195316,0.5884,24117,true,SHORT_BUREAU_HISTORY|LOWER_INCOME_BAND,synthetic
SYN-APP-11952,SYN-LOAN-11952,2030-06,backtest,0.4925,0,0.2854,98,middle,Synthetic group C,marketplace,0.144401,0.136185,0.138852,0.3057,21776,true,NO_ADVERSE_SYNTHETIC_SIGNAL,synthetic
SYN-APP-11953,SYN-LOAN-11953,2030-06,backtest,0.6347,0,0.0824,79,middle,Synthetic group B,direct,0.174991,0.162492,0.15981,0.3122,19726,false,NO_ADVERSE_SYNTHETIC_SIGNAL,synthetic
SYN-APP-11954,,2030-06,backtest,0.5126,4,0.5404,171,lower,Synthetic group C,direct,0.616174,0.54191,0.510996,0.3837,8193,true,RECENT_LATE_PAYMENTS|HIGH_DEBT_TO_INCOME|LOWER_INCOME_BAND,synthetic
SYN-APP-11955,SYN-LOAN-11955,2030-06,backtest,0.6757,0,0.358,118,upper,Synthetic group C,partner,0.183682,0.169966,0.17444,0.3995,3429,false,NO_ADVERSE_SYNTHETIC_SIGNAL,synthetic
SYN-APP-11956,SYN-LOAN-11956,2030-06,backtest,0.8628,0,0.5489,120,upper,Synthetic group A,marketplace,0.336131,0.301072,0.300767,0.6997,12682,true,HIGH_UTILIZATION|HIGH_DEBT_TO_INCOME,synthetic
SYN-APP-11957,SYN-LOAN-11957,2030-06,backtest,0.6336,1,0.5012,71,highest,Synthetic group A,marketplace,0.257964,0.233849,0.2349,0.6027,14145,false,HIGH_DEBT_TO_INCOME,synthetic
SYN-APP-11958,SYN-LOAN-11958,2030-06,backtest,0.0461,4,0.5776,56,upper,Synthetic group C,direct,0.239406,0.217889,0.211947,0.6143,11110,false,RECENT_LATE_PAYMENTS|HIGH_DEBT_TO_INCOME,synthetic
SYN-APP-11959,SYN-LOAN-11959,2030-06,backtest,0.4723,4,0.3668,156,upper,Synthetic group B,direct,0.363103,0.324269,0.30988,0.6647,25214,false,RECENT_LATE_PAYMENTS,synthetic
SYN-APP-11960,SYN-LOAN-11960,2030-06,backtest,0.5053,4,0.6028,146,highest,Synthetic group A,direct,0.41476,0.368694,0.356593,0.573,23703,false,RECENT_LATE_PAYMENTS|HIGH_DEBT_TO_INCOME,synthetic
SYN-APP-11961,,2030-06,backtest,0.9259,3,0.1297,179,upper,Synthetic group A,direct,0.4917,0.434862,0.411414,0.6346,18164,false,HIGH_UTILIZATION|RECENT_LATE_PAYMENTS,synthetic
SYN-APP-11962,SYN-LOAN-11962,2030-06,backtest,0.7199,1,0.1455,163,lower,Synthetic group C,direct,0.339421,0.303902,0.290253,0.5547,16877,false,LOWER_INCOME_BAND,synthetic
SYN-APP-11963,SYN-LOAN-11963,2030-06,backtest,0.2689,2,0.3197,106,middle,Synthetic group C,marketplace,0.168583,0.156981,0.154435,0.4553,28441,false,RECENT_LATE_PAYMENTS,synthetic
SYN-APP-11964,SYN-LOAN-11964,2030-06,backtest,0.2804,3,0.543,170,lower,Synthetic group B,partner,0.346208,0.309739,0.29793,0.4608,21298,true,RECENT_LATE_PAYMENTS|HIGH_DEBT_TO_INCOME|LOWER_INCOME_BAND,synthetic
SYN-APP-11965,,2030-06,backtest,0.6625,3,0.3245,19,middle,Synthetic group A,direct,0.588938,0.518486,0.487,0.5123,26416,true,RECENT_LATE_PAYMENTS,synthetic
SYN-APP-11966,SYN-LOAN-11966,2030-06,backtest,0.3882,2,0.6737,41,middle,Synthetic group B,partner,0.377563,0.336704,0.327538,0.4046,5265,false,RECENT_LATE_PAYMENTS|HIGH_DEBT_TO_INCOME,synthetic
SYN-APP-11967,SYN-LOAN-11967,2030-06,backtest,0.5359,3,0.0971,177,upper,Synthetic group A,direct,0.224573,0.205132,0.19679,0.3144,17054,true,RECENT_LATE_PAYMENTS,synthetic
SYN-APP-11968,SYN-LOAN-11968,2030-06,backtest,0.3256,2,0.2514,50,upper,Synthetic group A,direct,0.171674,0.15964,0.156073,0.6456,18656,true,RECENT_LATE_PAYMENTS,synthetic
SYN-APP-11969,,2030-06,backtest,0.4496,3,0.6602,94,lower,Synthetic group B,partner,0.582749,0.513164,0.487106,0.5619,7807,false,RECENT_LATE_PAYMENTS|HIGH_DEBT_TO_INCOME|LOWER_INCOME_BAND,synthetic
SYN-APP-11970,SYN-LOAN-11970,2030-06,backtest,0.0721,4,0.1578,147,middle,Synthetic group A,direct,0.150758,0.141652,0.132887,0.5966,18277,false,RECENT_LATE_PAYMENTS,synthetic
SYN-APP-11971,SYN-LOAN-11971,2030-06,backtest,0.3103,2,0.3947,65,lower,Synthetic group B,partner,0.321638,0.288609,0.275595,0.5256,14384,true,RECENT_LATE_PAYMENTS|LOWER_INCOME_BAND,synthetic
SYN-APP-11972,SYN-LOAN-11972,2030-06,backtest,0.6826,0,0.5987,72,upper,Synthetic group C,partner,0.276487,0.249779,0.252654,0.6391,18089,false,HIGH_DEBT_TO_INCOME,synthetic
SYN-APP-11973,,2030-06,backtest,0.8159,3,0.3745,110,middle,Synthetic group C,direct,0.627913,0.552005,0.521228,0.4011,24689,true,HIGH_UTILIZATION|RECENT_LATE_PAYMENTS,synthetic
SYN-APP-11974,,2030-06,backtest,0.8552,1,0.5032,101,lower,Synthetic group B,marketplace,0.615601,0.541417,0.515752,0.5046,17930,false,HIGH_UTILIZATION|HIGH_DEBT_TO_INCOME|LOWER_INCOME_BAND,synthetic
SYN-APP-11975,,2030-06,backtest,0.6272,3,0.5449,58,lower,Synthetic group A,direct,0.70166,0.615428,0.579342,0.3524,19341,true,RECENT_LATE_PAYMENTS|HIGH_DEBT_TO_INCOME|LOWER_INCOME_BAND,synthetic
SYN-APP-11976,SYN-LOAN-11976,2030-06,backtest,0.5713,0,0.5002,126,highest,Synthetic group B,direct,0.131835,0.125378,0.136129,0.6865,26443,false,HIGH_DEBT_TO_INCOME,synthetic
SYN-APP-11977,SYN-LOAN-11977,2030-06,backtest,0.7384,2,0.3164,162,middle,Synthetic group B,direct,0.397556,0.353898,0.340026,0.6587,11820,false,HIGH_UTILIZATION|RECENT_LATE_PAYMENTS,synthetic
SYN-APP-11978,SYN-LOAN-11978,2030-06,backtest,0.3678,2,0.1833,92,lower,Synthetic group B,direct,0.27545,0.248887,0.235384,0.4326,16564,true,RECENT_LATE_PAYMENTS|LOWER_INCOME_BAND,synthetic
SYN-APP-11979,SYN-LOAN-11979,2030-06,backtest,0.4898,1,0.562,139,upper,Synthetic group A,partner,0.191871,0.177009,0.182736,0.3488,21390,false,HIGH_DEBT_TO_INCOME,synthetic
SYN-APP-11980,SYN-LOAN-11980,2030-06,backtest,0.0737,0,0.3663,111,middle,Synthetic group C,direct,0.048412,0.053634,0.059121,0.6704,29557,false,NO_ADVERSE_SYNTHETIC_SIGNAL,synthetic
SYN-APP-11981,SYN-LOAN-11981,2030-06,backtest,0.9269,1,0.4384,116,highest,Synthetic group B,marketplace,0.391393,0.348598,0.341821,0.6265,13106,true,HIGH_UTILIZATION,synthetic
SYN-APP-11982,SYN-LOAN-11982,2030-06,backtest,0.1399,4,0.1117,27,highest,Synthetic group A,direct,0.164172,0.153188,0.143292,0.5857,23681,false,RECENT_LATE_PAYMENTS,synthetic
SYN-APP-11983,SYN-LOAN-11983,2030-06,backtest,0.4183,0,0.5912,71,lower,Synthetic group A,partner,0.264837,0.239759,0.238684,0.6017,17301,true,HIGH_DEBT_TO_INCOME|LOWER_INCOME_BAND,synthetic
SYN-APP-11984,SYN-LOAN-11984,2030-06,backtest,0.466,0,0.1655,7,middle,Synthetic group C,direct,0.160222,0.149791,0.147503,0.618,11236,false,SHORT_BUREAU_HISTORY,synthetic
SYN-APP-11985,SYN-LOAN-11985,2030-06,backtest,0.587,2,0.2724,124,lower,Synthetic group A,partner,0.421344,0.374356,0.354568,0.6616,21113,false,RECENT_LATE_PAYMENTS|LOWER_INCOME_BAND,synthetic
SYN-APP-11986,SYN-LOAN-11986,2030-06,backtest,0.3224,0,0.4074,82,middle,Synthetic group B,direct,0.112965,0.10915,0.11463,0.3817,8817,false,NO_ADVERSE_SYNTHETIC_SIGNAL,synthetic
SYN-APP-11987,SYN-LOAN-11987,2030-06,backtest,0.4174,2,0.2415,88,lower,Synthetic group C,partner,0.326562,0.292844,0.277351,0.3641,29689,true,RECENT_LATE_PAYMENTS|LOWER_INCOME_BAND,synthetic
SYN-APP-11988,SYN-LOAN-11988,2030-06,backtest,0.38,1,0.1626,129,middle,Synthetic group C,partner,0.120629,0.115741,0.115234,0.2876,16771,true,NO_ADVERSE_SYNTHETIC_SIGNAL,synthetic
SYN-APP-11989,,2030-06,backtest,0.8223,4,0.5292,24,middle,Synthetic group A,marketplace,0.819848,0.71707,0.673923,0.5207,17880,true,HIGH_UTILIZATION|RECENT_LATE_PAYMENTS|HIGH_DEBT_TO_INCOME,synthetic
SYN-APP-11990,,2030-06,backtest,0.5783,4,0.4541,54,middle,Synthetic group A,partner,0.6369,0.559734,0.525977,0.6237,22947,true,RECENT_LATE_PAYMENTS,synthetic
SYN-APP-11991,SYN-LOAN-11991,2030-06,backtest,0.823,0,0.2823,129,middle,Synthetic group A,direct,0.285795,0.257784,0.254159,0.3394,13329,false,HIGH_UTILIZATION,synthetic
SYN-APP-11992,,2030-06,backtest,0.9527,2,0.6095,175,lower,Synthetic group C,direct,0.737095,0.645902,0.614307,0.3579,4477,true,HIGH_UTILIZATION|RECENT_LATE_PAYMENTS|HIGH_DEBT_TO_INCOME|LOWER_INCOME_BAND,synthetic
SYN-APP-11993,,2030-06,backtest,0.5753,3,0.2423,51,middle,Synthetic group B,direct,0.46481,0.411736,0.387218,0.3451,17492,true,RECENT_LATE_PAYMENTS,synthetic
SYN-APP-11994,SYN-LOAN-11994,2030-06,backtest,0.5613,1,0.3936,104,highest,Synthetic group B,partner,0.174979,0.162482,0.166571,0.5549,22420,false,NO_ADVERSE_SYNTHETIC_SIGNAL,synthetic
SYN-APP-11995,SYN-LOAN-11995,2030-06,backtest,0.3869,1,0.5034,34,upper,Synthetic group C,partner,0.196912,0.181344,0.183262,0.4779,19757,false,HIGH_DEBT_TO_INCOME,synthetic
SYN-APP-11996,SYN-LOAN-11996,2030-06,backtest,0.2245,0,0.39,23,middle,Synthetic group B,partner,0.105081,0.10237,0.106314,0.5974,26772,false,NO_ADVERSE_SYNTHETIC_SIGNAL,synthetic
SYN-APP-11997,SYN-LOAN-11997,2030-06,backtest,0.1464,0,0.6145,88,lower,Synthetic group A,marketplace,0.133169,0.126525,0.132485,0.5173,24951,false,HIGH_DEBT_TO_INCOME|LOWER_INCOME_BAND,synthetic
SYN-APP-11998,,2030-06,backtest,0.924,0,0.3324,133,lower,Synthetic group A,partner,0.474707,0.420248,0.403497,0.2939,22421,true,HIGH_UTILIZATION|LOWER_INCOME_BAND,synthetic
SYN-APP-11999,SYN-LOAN-11999,2030-06,backtest,0.061,2,0.5592,14,middle,Synthetic group C,direct,0.178275,0.165316,0.164422,0.423,21649,false,RECENT_LATE_PAYMENTS|HIGH_DEBT_TO_INCOME|SHORT_BUREAU_HISTORY,synthetic
SYN-APP-12000,SYN-LOAN-12000,2030-06,backtest,0.2873,0,0.1991,17,upper,Synthetic group A,marketplace,0.078182,0.079236,0.08166,0.4757,28284,false,SHORT_BUREAU_HISTORY,synthetic
